"Country or Area","Subgroup","Year","Source","Unit","Value","Value Footnotes"
"Afghanistan","Female 15-49 yr","2007-2012","UN_Demographic and Health Surveys (DHS), Multiple Indicator Cluster Surveys (MICS) and other national surveys; United Nations Population Division","Percent","21","1"
"Albania","Female 15-49 yr","2007-2012","UN_Demographic and Health Surveys (DHS), Multiple Indicator Cluster Surveys (MICS) and other national surveys; United Nations Population Division","Percent","69","1"
"Algeria","Female 15-49 yr","2007-2012","UN_Demographic and Health Surveys (DHS), Multiple Indicator Cluster Surveys (MICS) and other national surveys; United Nations Population Division","Percent","61","2"
"Angola","Female 15-49 yr","2007-2012","UN_Demographic and Health Surveys (DHS), Multiple Indicator Cluster Surveys (MICS) and other national surveys; United Nations Population Division","Percent","6","2"
"Argentina","Female 15-49 yr","2007-2012","UN_Demographic and Health Surveys (DHS), Multiple Indicator Cluster Surveys (MICS) and other national surveys; United Nations Population Division","Percent","78","2"
"Armenia","Female 15-49 yr","2007-2012","UN_Demographic and Health Surveys (DHS), Multiple Indicator Cluster Surveys (MICS) and other national surveys; United Nations Population Division","Percent","55","1"
"Australia","Female 15-49 yr","2007-2012","UN_Demographic and Health Surveys (DHS), Multiple Indicator Cluster Surveys (MICS) and other national surveys; United Nations Population Division","Percent","71","2"
"Azerbaijan","Female 15-49 yr","2007-2012","UN_Demographic and Health Surveys (DHS), Multiple Indicator Cluster Surveys (MICS) and other national surveys; United Nations Population Division","Percent","51","2"
"Bahamas","Female 15-49 yr","2007-2012","UN_Demographic and Health Surveys (DHS), Multiple Indicator Cluster Surveys (MICS) and other national surveys; United Nations Population Division","Percent","45","2"
"Bangladesh","Female 15-49 yr","2007-2012","UN_Demographic and Health Surveys (DHS), Multiple Indicator Cluster Surveys (MICS) and other national surveys; United Nations Population Division","Percent","61","1"
"Belarus","Female 15-49 yr","2007-2012","UN_Demographic and Health Surveys (DHS), Multiple Indicator Cluster Surveys (MICS) and other national surveys; United Nations Population Division","Percent","73","2"
"Belgium","Female 15-49 yr","2007-2012","UN_Demographic and Health Surveys (DHS), Multiple Indicator Cluster Surveys (MICS) and other national surveys; United Nations Population Division","Percent","75","2"
"Belize","Female 15-49 yr","2007-2012","UN_Demographic and Health Surveys (DHS), Multiple Indicator Cluster Surveys (MICS) and other national surveys; United Nations Population Division","Percent","34","2"
"Benin","Female 15-49 yr","2007-2012","UN_Demographic and Health Surveys (DHS), Multiple Indicator Cluster Surveys (MICS) and other national surveys; United Nations Population Division","Percent","13","1"
"Bhutan","Female 15-49 yr","2007-2012","UN_Demographic and Health Surveys (DHS), Multiple Indicator Cluster Surveys (MICS) and other national surveys; United Nations Population Division","Percent","66","1"
"Bolivia (Plurinational State of)","Female 15-49 yr","2007-2012","UN_Demographic and Health Surveys (DHS), Multiple Indicator Cluster Surveys (MICS) and other national surveys; United Nations Population Division","Percent","61","1"
"Bosnia and Herzegovina","Female 15-49 yr","2007-2012","UN_Demographic and Health Surveys (DHS), Multiple Indicator Cluster Surveys (MICS) and other national surveys; United Nations Population Division","Percent","36","2"
"Botswana","Female 15-49 yr","2007-2012","UN_Demographic and Health Surveys (DHS), Multiple Indicator Cluster Surveys (MICS) and other national surveys; United Nations Population Division","Percent","53","1"
"Brazil","Female 15-49 yr","2007-2012","UN_Demographic and Health Surveys (DHS), Multiple Indicator Cluster Surveys (MICS) and other national surveys; United Nations Population Division","Percent","81","2"
"Burkina Faso","Female 15-49 yr","2007-2012","UN_Demographic and Health Surveys (DHS), Multiple Indicator Cluster Surveys (MICS) and other national surveys; United Nations Population Division","Percent","16","1"
"Burundi","Female 15-49 yr","2007-2012","UN_Demographic and Health Surveys (DHS), Multiple Indicator Cluster Surveys (MICS) and other national surveys; United Nations Population Division","Percent","22","1"
"Cambodia","Female 15-49 yr","2007-2012","UN_Demographic and Health Surveys (DHS), Multiple Indicator Cluster Surveys (MICS) and other national surveys; United Nations Population Division","Percent","51","1"
"Cameroon","Female 15-49 yr","2007-2012","UN_Demographic and Health Surveys (DHS), Multiple Indicator Cluster Surveys (MICS) and other national surveys; United Nations Population Division","Percent","23","1"
"Canada","Female 15-49 yr","2007-2012","UN_Demographic and Health Surveys (DHS), Multiple Indicator Cluster Surveys (MICS) and other national surveys; United Nations Population Division","Percent","74","2"
"Cape Verde","Female 15-49 yr","2007-2012","UN_Demographic and Health Surveys (DHS), Multiple Indicator Cluster Surveys (MICS) and other national surveys; United Nations Population Division","Percent","61","2"
"CEE/CIS","Female 15-49 yr","2007-2012","UN_Demographic and Health Surveys (DHS), Multiple Indicator Cluster Surveys (MICS) and other national surveys; United Nations Population Division","Percent","73","3"
"Central African Republic","Female 15-49 yr","2007-2012","UN_Demographic and Health Surveys (DHS), Multiple Indicator Cluster Surveys (MICS) and other national surveys; United Nations Population Division","Percent","15","1"
"Chad","Female 15-49 yr","2007-2012","UN_Demographic and Health Surveys (DHS), Multiple Indicator Cluster Surveys (MICS) and other national surveys; United Nations Population Division","Percent","5","1"
"Chile","Female 15-49 yr","2007-2012","UN_Demographic and Health Surveys (DHS), Multiple Indicator Cluster Surveys (MICS) and other national surveys; United Nations Population Division","Percent","58","2"
"China","Female 15-49 yr","2007-2012","UN_Demographic and Health Surveys (DHS), Multiple Indicator Cluster Surveys (MICS) and other national surveys; United Nations Population Division","Percent","85","2"
"Colombia","Female 15-49 yr","2007-2012","UN_Demographic and Health Surveys (DHS), Multiple Indicator Cluster Surveys (MICS) and other national surveys; United Nations Population Division","Percent","79","1"
"Comoros","Female 15-49 yr","2007-2012","UN_Demographic and Health Surveys (DHS), Multiple Indicator Cluster Surveys (MICS) and other national surveys; United Nations Population Division","Percent","26","2"
"Congo","Female 15-49 yr","2007-2012","UN_Demographic and Health Surveys (DHS), Multiple Indicator Cluster Surveys (MICS) and other national surveys; United Nations Population Division","Percent","45","1"
"Cook Islands","Female 15-49 yr","2007-2012","UN_Demographic and Health Surveys (DHS), Multiple Indicator Cluster Surveys (MICS) and other national surveys; United Nations Population Division","Percent","29","1"
"Costa Rica","Female 15-49 yr","2007-2012","UN_Demographic and Health Surveys (DHS), Multiple Indicator Cluster Surveys (MICS) and other national surveys; United Nations Population Division","Percent","82","1"
"CÃ´te d'Ivoire","Female 15-49 yr","2007-2012","UN_Demographic and Health Surveys (DHS), Multiple Indicator Cluster Surveys (MICS) and other national surveys; United Nations Population Division","Percent","18","1"
"Cuba","Female 15-49 yr","2007-2012","UN_Demographic and Health Surveys (DHS), Multiple Indicator Cluster Surveys (MICS) and other national surveys; United Nations Population Division","Percent","74","1"
"Democratic People's Republic of Korea","Female 15-49 yr","2007-2012","UN_Demographic and Health Surveys (DHS), Multiple Indicator Cluster Surveys (MICS) and other national surveys; United Nations Population Division","Percent","69","2"
"Democratic Republic of the Congo","Female 15-49 yr","2007-2012","UN_Demographic and Health Surveys (DHS), Multiple Indicator Cluster Surveys (MICS) and other national surveys; United Nations Population Division","Percent","17","1"
"Djibouti","Female 15-49 yr","2007-2012","UN_Demographic and Health Surveys (DHS), Multiple Indicator Cluster Surveys (MICS) and other national surveys; United Nations Population Division","Percent","23","1"
"Dominican Republic","Female 15-49 yr","2007-2012","UN_Demographic and Health Surveys (DHS), Multiple Indicator Cluster Surveys (MICS) and other national surveys; United Nations Population Division","Percent","73","1"
"East Asia and Pacific","Female 15-49 yr","2007-2012","UN_Demographic and Health Surveys (DHS), Multiple Indicator Cluster Surveys (MICS) and other national surveys; United Nations Population Division","Percent","64","4"
"Eastern and Southern Africa","Female 15-49 yr","2007-2012","UN_Demographic and Health Surveys (DHS), Multiple Indicator Cluster Surveys (MICS) and other national surveys; United Nations Population Division","Percent","34","3"
"Ecuador","Female 15-49 yr","2007-2012","UN_Demographic and Health Surveys (DHS), Multiple Indicator Cluster Surveys (MICS) and other national surveys; United Nations Population Division","Percent","73","2"
"Egypt","Female 15-49 yr","2007-2012","UN_Demographic and Health Surveys (DHS), Multiple Indicator Cluster Surveys (MICS) and other national surveys; United Nations Population Division","Percent","60","1"
"El Salvador","Female 15-49 yr","2007-2012","UN_Demographic and Health Surveys (DHS), Multiple Indicator Cluster Surveys (MICS) and other national surveys; United Nations Population Division","Percent","73","1"
"Equatorial Guinea","Female 15-49 yr","2007-2012","UN_Demographic and Health Surveys (DHS), Multiple Indicator Cluster Surveys (MICS) and other national surveys; United Nations Population Division","Percent","10","2"
"Eritrea","Female 15-49 yr","2007-2012","UN_Demographic and Health Surveys (DHS), Multiple Indicator Cluster Surveys (MICS) and other national surveys; United Nations Population Division","Percent","8","2"
"Ethiopia","Female 15-49 yr","2007-2012","UN_Demographic and Health Surveys (DHS), Multiple Indicator Cluster Surveys (MICS) and other national surveys; United Nations Population Division","Percent","29","1"
"Fiji","Female 15-49 yr","2007-2012","UN_Demographic and Health Surveys (DHS), Multiple Indicator Cluster Surveys (MICS) and other national surveys; United Nations Population Division","Percent","32","1"
"France","Female 15-49 yr","2007-2012","UN_Demographic and Health Surveys (DHS), Multiple Indicator Cluster Surveys (MICS) and other national surveys; United Nations Population Division","Percent","71","2"
"Gabon","Female 15-49 yr","2007-2012","UN_Demographic and Health Surveys (DHS), Multiple Indicator Cluster Surveys (MICS) and other national surveys; United Nations Population Division","Percent","33","2"
"Gambia","Female 15-49 yr","2007-2012","UN_Demographic and Health Surveys (DHS), Multiple Indicator Cluster Surveys (MICS) and other national surveys; United Nations Population Division","Percent","13","1"
"Georgia","Female 15-49 yr","2007-2012","UN_Demographic and Health Surveys (DHS), Multiple Indicator Cluster Surveys (MICS) and other national surveys; United Nations Population Division","Percent","53","1"
"Ghana","Female 15-49 yr","2007-2012","UN_Demographic and Health Surveys (DHS), Multiple Indicator Cluster Surveys (MICS) and other national surveys; United Nations Population Division","Percent","34","1"
"Greece","Female 15-49 yr","2007-2012","UN_Demographic and Health Surveys (DHS), Multiple Indicator Cluster Surveys (MICS) and other national surveys; United Nations Population Division","Percent","76","2"
"Grenada","Female 15-49 yr","2007-2012","UN_Demographic and Health Surveys (DHS), Multiple Indicator Cluster Surveys (MICS) and other national surveys; United Nations Population Division","Percent","54","2"
"Guatemala","Female 15-49 yr","2007-2012","UN_Demographic and Health Surveys (DHS), Multiple Indicator Cluster Surveys (MICS) and other national surveys; United Nations Population Division","Percent","54","1"
"Guinea","Female 15-49 yr","2007-2012","UN_Demographic and Health Surveys (DHS), Multiple Indicator Cluster Surveys (MICS) and other national surveys; United Nations Population Division","Percent","9","2"
"Guinea-Bissau","Female 15-49 yr","2007-2012","UN_Demographic and Health Surveys (DHS), Multiple Indicator Cluster Surveys (MICS) and other national surveys; United Nations Population Division","Percent","14","1"
"Guyana","Female 15-49 yr","2007-2012","UN_Demographic and Health Surveys (DHS), Multiple Indicator Cluster Surveys (MICS) and other national surveys; United Nations Population Division","Percent","43","1"
"Haiti","Female 15-49 yr","2007-2012","UN_Demographic and Health Surveys (DHS), Multiple Indicator Cluster Surveys (MICS) and other national surveys; United Nations Population Division","Percent","32","2"
"Honduras","Female 15-49 yr","2007-2012","UN_Demographic and Health Surveys (DHS), Multiple Indicator Cluster Surveys (MICS) and other national surveys; United Nations Population Division","Percent","65","2"
"India","Female 15-49 yr","2007-2012","UN_Demographic and Health Surveys (DHS), Multiple Indicator Cluster Surveys (MICS) and other national surveys; United Nations Population Division","Percent","55","1"
"Indonesia","Female 15-49 yr","2007-2012","UN_Demographic and Health Surveys (DHS), Multiple Indicator Cluster Surveys (MICS) and other national surveys; United Nations Population Division","Percent","61","1"
"Iran (Islamic Republic of)","Female 15-49 yr","2007-2012","UN_Demographic and Health Surveys (DHS), Multiple Indicator Cluster Surveys (MICS) and other national surveys; United Nations Population Division","Percent","79","2"
"Iraq","Female 15-49 yr","2007-2012","UN_Demographic and Health Surveys (DHS), Multiple Indicator Cluster Surveys (MICS) and other national surveys; United Nations Population Division","Percent","50","2"
"Ireland","Female 15-49 yr","2007-2012","UN_Demographic and Health Surveys (DHS), Multiple Indicator Cluster Surveys (MICS) and other national surveys; United Nations Population Division","Percent","65","2"
"Jamaica","Female 15-49 yr","2007-2012","UN_Demographic and Health Surveys (DHS), Multiple Indicator Cluster Surveys (MICS) and other national surveys; United Nations Population Division","Percent","72","1"
"Japan","Female 15-49 yr","2007-2012","UN_Demographic and Health Surveys (DHS), Multiple Indicator Cluster Surveys (MICS) and other national surveys; United Nations Population Division","Percent","54","2"
"Jordan","Female 15-49 yr","2007-2012","UN_Demographic and Health Surveys (DHS), Multiple Indicator Cluster Surveys (MICS) and other national surveys; United Nations Population Division","Percent","59","1"
"Kazakhstan","Female 15-49 yr","2007-2012","UN_Demographic and Health Surveys (DHS), Multiple Indicator Cluster Surveys (MICS) and other national surveys; United Nations Population Division","Percent","51","2"
"Kenya","Female 15-49 yr","2007-2012","UN_Demographic and Health Surveys (DHS), Multiple Indicator Cluster Surveys (MICS) and other national surveys; United Nations Population Division","Percent","46","1"
"Kiribati","Female 15-49 yr","2007-2012","UN_Demographic and Health Surveys (DHS), Multiple Indicator Cluster Surveys (MICS) and other national surveys; United Nations Population Division","Percent","22","1"
"Kyrgyzstan","Female 15-49 yr","2007-2012","UN_Demographic and Health Surveys (DHS), Multiple Indicator Cluster Surveys (MICS) and other national surveys; United Nations Population Division","Percent","48","2"
"Lao People's Democratic Republic","Female 15-49 yr","2007-2012","UN_Demographic and Health Surveys (DHS), Multiple Indicator Cluster Surveys (MICS) and other national surveys; United Nations Population Division","Percent","38","2"
"Least Developed Countries/Territories","Female 15-49 yr","2007-2012","UN_Demographic and Health Surveys (DHS), Multiple Indicator Cluster Surveys (MICS) and other national surveys; United Nations Population Division","Percent","35","3"
"Lebanon","Female 15-49 yr","2007-2012","UN_Demographic and Health Surveys (DHS), Multiple Indicator Cluster Surveys (MICS) and other national surveys; United Nations Population Division","Percent","54","1"
"Lesotho","Female 15-49 yr","2007-2012","UN_Demographic and Health Surveys (DHS), Multiple Indicator Cluster Surveys (MICS) and other national surveys; United Nations Population Division","Percent","47","1"
"Liberia","Female 15-49 yr","2007-2012","UN_Demographic and Health Surveys (DHS), Multiple Indicator Cluster Surveys (MICS) and other national surveys; United Nations Population Division","Percent","11","1"
"Madagascar","Female 15-49 yr","2007-2012","UN_Demographic and Health Surveys (DHS), Multiple Indicator Cluster Surveys (MICS) and other national surveys; United Nations Population Division","Percent","40","1"
"Malawi","Female 15-49 yr","2007-2012","UN_Demographic and Health Surveys (DHS), Multiple Indicator Cluster Surveys (MICS) and other national surveys; United Nations Population Division","Percent","46","1"
"Maldives","Female 15-49 yr","2007-2012","UN_Demographic and Health Surveys (DHS), Multiple Indicator Cluster Surveys (MICS) and other national surveys; United Nations Population Division","Percent","35","1"
"Mali","Female 15-49 yr","2007-2012","UN_Demographic and Health Surveys (DHS), Multiple Indicator Cluster Surveys (MICS) and other national surveys; United Nations Population Division","Percent","8","2"
"Marshall Islands","Female 15-49 yr","2007-2012","UN_Demographic and Health Surveys (DHS), Multiple Indicator Cluster Surveys (MICS) and other national surveys; United Nations Population Division","Percent","45","1"
"Mauritania","Female 15-49 yr","2007-2012","UN_Demographic and Health Surveys (DHS), Multiple Indicator Cluster Surveys (MICS) and other national surveys; United Nations Population Division","Percent","9","1"
"Mauritius","Female 15-49 yr","2007-2012","UN_Demographic and Health Surveys (DHS), Multiple Indicator Cluster Surveys (MICS) and other national surveys; United Nations Population Division","Percent","76","2"
"Mexico","Female 15-49 yr","2007-2012","UN_Demographic and Health Surveys (DHS), Multiple Indicator Cluster Surveys (MICS) and other national surveys; United Nations Population Division","Percent","73","1"
"Micronesia (Federated States of)","Female 15-49 yr","2007-2012","UN_Demographic and Health Surveys (DHS), Multiple Indicator Cluster Surveys (MICS) and other national surveys; United Nations Population Division","Percent","55","1"
"Middle East and North Africa","Female 15-49 yr","2007-2012","UN_Demographic and Health Surveys (DHS), Multiple Indicator Cluster Surveys (MICS) and other national surveys; United Nations Population Division","Percent","48","3"
"Mongolia","Female 15-49 yr","2007-2012","UN_Demographic and Health Surveys (DHS), Multiple Indicator Cluster Surveys (MICS) and other national surveys; United Nations Population Division","Percent","55","1"
"Montenegro","Female 15-49 yr","2007-2012","UN_Demographic and Health Surveys (DHS), Multiple Indicator Cluster Surveys (MICS) and other national surveys; United Nations Population Division","Percent","39","2"
"Morocco","Female 15-49 yr","2007-2012","UN_Demographic and Health Surveys (DHS), Multiple Indicator Cluster Surveys (MICS) and other national surveys; United Nations Population Division","Percent","67","1"
"Mozambique","Female 15-49 yr","2007-2012","UN_Demographic and Health Surveys (DHS), Multiple Indicator Cluster Surveys (MICS) and other national surveys; United Nations Population Division","Percent","12","1"
"Myanmar","Female 15-49 yr","2007-2012","UN_Demographic and Health Surveys (DHS), Multiple Indicator Cluster Surveys (MICS) and other national surveys; United Nations Population Division","Percent","46","1"
"Namibia","Female 15-49 yr","2007-2012","UN_Demographic and Health Surveys (DHS), Multiple Indicator Cluster Surveys (MICS) and other national surveys; United Nations Population Division","Percent","55","1"
"Nauru","Female 15-49 yr","2007-2012","UN_Demographic and Health Surveys (DHS), Multiple Indicator Cluster Surveys (MICS) and other national surveys; United Nations Population Division","Percent","36","1"
"Nepal","Female 15-49 yr","2007-2012","UN_Demographic and Health Surveys (DHS), Multiple Indicator Cluster Surveys (MICS) and other national surveys; United Nations Population Division","Percent","50","1"
"Netherlands","Female 15-49 yr","2007-2012","UN_Demographic and Health Surveys (DHS), Multiple Indicator Cluster Surveys (MICS) and other national surveys; United Nations Population Division","Percent","69","1"
"Nicaragua","Female 15-49 yr","2007-2012","UN_Demographic and Health Surveys (DHS), Multiple Indicator Cluster Surveys (MICS) and other national surveys; United Nations Population Division","Percent","72","1"
"Niger","Female 15-49 yr","2007-2012","UN_Demographic and Health Surveys (DHS), Multiple Indicator Cluster Surveys (MICS) and other national surveys; United Nations Population Division","Percent","18","1"
"Nigeria","Female 15-49 yr","2007-2012","UN_Demographic and Health Surveys (DHS), Multiple Indicator Cluster Surveys (MICS) and other national surveys; United Nations Population Division","Percent","15","1"
"Niue","Female 15-49 yr","2007-2012","UN_Demographic and Health Surveys (DHS), Multiple Indicator Cluster Surveys (MICS) and other national surveys; United Nations Population Division","Percent","23","2"
"Norway","Female 15-49 yr","2007-2012","UN_Demographic and Health Surveys (DHS), Multiple Indicator Cluster Surveys (MICS) and other national surveys; United Nations Population Division","Percent","88","2"
"Oman","Female 15-49 yr","2007-2012","UN_Demographic and Health Surveys (DHS), Multiple Indicator Cluster Surveys (MICS) and other national surveys; United Nations Population Division","Percent","24","1"
"Pakistan","Female 15-49 yr","2007-2012","UN_Demographic and Health Surveys (DHS), Multiple Indicator Cluster Surveys (MICS) and other national surveys; United Nations Population Division","Percent","27","1"
"Palau","Female 15-49 yr","2007-2012","UN_Demographic and Health Surveys (DHS), Multiple Indicator Cluster Surveys (MICS) and other national surveys; United Nations Population Division","Percent","22","1"
"Panama","Female 15-49 yr","2007-2012","UN_Demographic and Health Surveys (DHS), Multiple Indicator Cluster Surveys (MICS) and other national surveys; United Nations Population Division","Percent","52","1"
"Papua New Guinea","Female 15-49 yr","2007-2012","UN_Demographic and Health Surveys (DHS), Multiple Indicator Cluster Surveys (MICS) and other national surveys; United Nations Population Division","Percent","32","2"
"Paraguay","Female 15-49 yr","2007-2012","UN_Demographic and Health Surveys (DHS), Multiple Indicator Cluster Surveys (MICS) and other national surveys; United Nations Population Division","Percent","79","1"
"Peru","Female 15-49 yr","2007-2012","UN_Demographic and Health Surveys (DHS), Multiple Indicator Cluster Surveys (MICS) and other national surveys; United Nations Population Division","Percent","75","1"
"Philippines","Female 15-49 yr","2007-2012","UN_Demographic and Health Surveys (DHS), Multiple Indicator Cluster Surveys (MICS) and other national surveys; United Nations Population Division","Percent","51","1"
"Portugal","Female 15-49 yr","2007-2012","UN_Demographic and Health Surveys (DHS), Multiple Indicator Cluster Surveys (MICS) and other national surveys; United Nations Population Division","Percent","67","2"
"Republic of Korea","Female 15-49 yr","2007-2012","UN_Demographic and Health Surveys (DHS), Multiple Indicator Cluster Surveys (MICS) and other national surveys; United Nations Population Division","Percent","80","1"
"Republic of Moldova","Female 15-49 yr","2007-2012","UN_Demographic and Health Surveys (DHS), Multiple Indicator Cluster Surveys (MICS) and other national surveys; United Nations Population Division","Percent","68","2"
"Romania","Female 15-49 yr","2007-2012","UN_Demographic and Health Surveys (DHS), Multiple Indicator Cluster Surveys (MICS) and other national surveys; United Nations Population Division","Percent","70","2"
"Russian Federation","Female 15-49 yr","2007-2012","UN_Demographic and Health Surveys (DHS), Multiple Indicator Cluster Surveys (MICS) and other national surveys; United Nations Population Division","Percent","80","1"
"Rwanda","Female 15-49 yr","2007-2012","UN_Demographic and Health Surveys (DHS), Multiple Indicator Cluster Surveys (MICS) and other national surveys; United Nations Population Division","Percent","52","1"
"Saint Kitts and Nevis","Female 15-49 yr","2007-2012","UN_Demographic and Health Surveys (DHS), Multiple Indicator Cluster Surveys (MICS) and other national surveys; United Nations Population Division","Percent","54","1"
"Saint Vincent and the Grenadines","Female 15-49 yr","2007-2012","UN_Demographic and Health Surveys (DHS), Multiple Indicator Cluster Surveys (MICS) and other national surveys; United Nations Population Division","Percent","48","2"
"Samoa","Female 15-49 yr","2007-2012","UN_Demographic and Health Surveys (DHS), Multiple Indicator Cluster Surveys (MICS) and other national surveys; United Nations Population Division","Percent","29","1"
"Sao Tome and Principe","Female 15-49 yr","2007-2012","UN_Demographic and Health Surveys (DHS), Multiple Indicator Cluster Surveys (MICS) and other national surveys; United Nations Population Division","Percent","38","1"
"Saudi Arabia","Female 15-49 yr","2007-2012","UN_Demographic and Health Surveys (DHS), Multiple Indicator Cluster Surveys (MICS) and other national surveys; United Nations Population Division","Percent","24","1"
"Senegal","Female 15-49 yr","2007-2012","UN_Demographic and Health Surveys (DHS), Multiple Indicator Cluster Surveys (MICS) and other national surveys; United Nations Population Division","Percent","13","1"
"Serbia","Female 15-49 yr","2007-2012","UN_Demographic and Health Surveys (DHS), Multiple Indicator Cluster Surveys (MICS) and other national surveys; United Nations Population Division","Percent","61","1"
"Sierra Leone","Female 15-49 yr","2007-2012","UN_Demographic and Health Surveys (DHS), Multiple Indicator Cluster Surveys (MICS) and other national surveys; United Nations Population Division","Percent","11","1"
"Solomon Islands","Female 15-49 yr","2007-2012","UN_Demographic and Health Surveys (DHS), Multiple Indicator Cluster Surveys (MICS) and other national surveys; United Nations Population Division","Percent","35","1"
"Somalia","Female 15-49 yr","2007-2012","UN_Demographic and Health Surveys (DHS), Multiple Indicator Cluster Surveys (MICS) and other national surveys; United Nations Population Division","Percent","15","2"
"South Africa","Female 15-49 yr","2007-2012","UN_Demographic and Health Surveys (DHS), Multiple Indicator Cluster Surveys (MICS) and other national surveys; United Nations Population Division","Percent","60","2"
"South Asia","Female 15-49 yr","2007-2012","UN_Demographic and Health Surveys (DHS), Multiple Indicator Cluster Surveys (MICS) and other national surveys; United Nations Population Division","Percent","52","3"
"South Sudan","Female 15-49 yr","2007-2012","UN_Demographic and Health Surveys (DHS), Multiple Indicator Cluster Surveys (MICS) and other national surveys; United Nations Population Division","Percent","4","5"
"Spain","Female 15-49 yr","2007-2012","UN_Demographic and Health Surveys (DHS), Multiple Indicator Cluster Surveys (MICS) and other national surveys; United Nations Population Division","Percent","66","2"
"Sri Lanka","Female 15-49 yr","2007-2012","UN_Demographic and Health Surveys (DHS), Multiple Indicator Cluster Surveys (MICS) and other national surveys; United Nations Population Division","Percent","68","1"
"State of Palestine","Female 15-49 yr","2007-2012","UN_Demographic and Health Surveys (DHS), Multiple Indicator Cluster Surveys (MICS) and other national surveys; United Nations Population Division","Percent","50","2"
"Sub-Saharan Africa","Female 15-49 yr","2007-2012","UN_Demographic and Health Surveys (DHS), Multiple Indicator Cluster Surveys (MICS) and other national surveys; United Nations Population Division","Percent","24","3"
"Sudan","Female 15-49 yr","2007-2012","UN_Demographic and Health Surveys (DHS), Multiple Indicator Cluster Surveys (MICS) and other national surveys; United Nations Population Division","Percent","9","5"
"Suriname","Female 15-49 yr","2007-2012","UN_Demographic and Health Surveys (DHS), Multiple Indicator Cluster Surveys (MICS) and other national surveys; United Nations Population Division","Percent","46","2"
"Swaziland","Female 15-49 yr","2007-2012","UN_Demographic and Health Surveys (DHS), Multiple Indicator Cluster Surveys (MICS) and other national surveys; United Nations Population Division","Percent","65","1"
"Syrian Arab Republic","Female 15-49 yr","2007-2012","UN_Demographic and Health Surveys (DHS), Multiple Indicator Cluster Surveys (MICS) and other national surveys; United Nations Population Division","Percent","54","1"
"Tajikistan","Female 15-49 yr","2007-2012","UN_Demographic and Health Surveys (DHS), Multiple Indicator Cluster Surveys (MICS) and other national surveys; United Nations Population Division","Percent","37","1"
"Thailand","Female 15-49 yr","2007-2012","UN_Demographic and Health Surveys (DHS), Multiple Indicator Cluster Surveys (MICS) and other national surveys; United Nations Population Division","Percent","80","1"
"The former Yugoslav Republic of Macedonia","Female 15-49 yr","2007-2012","UN_Demographic and Health Surveys (DHS), Multiple Indicator Cluster Surveys (MICS) and other national surveys; United Nations Population Division","Percent","40","1"
"Timor-Leste","Female 15-49 yr","2007-2012","UN_Demographic and Health Surveys (DHS), Multiple Indicator Cluster Surveys (MICS) and other national surveys; United Nations Population Division","Percent","22","1"
"Togo","Female 15-49 yr","2007-2012","UN_Demographic and Health Surveys (DHS), Multiple Indicator Cluster Surveys (MICS) and other national surveys; United Nations Population Division","Percent","15","1"
"Tonga","Female 15-49 yr","2007-2012","UN_Demographic and Health Surveys (DHS), Multiple Indicator Cluster Surveys (MICS) and other national surveys; United Nations Population Division","Percent","32","1"
"Trinidad and Tobago","Female 15-49 yr","2007-2012","UN_Demographic and Health Surveys (DHS), Multiple Indicator Cluster Surveys (MICS) and other national surveys; United Nations Population Division","Percent","43","2"
"Tunisia","Female 15-49 yr","2007-2012","UN_Demographic and Health Surveys (DHS), Multiple Indicator Cluster Surveys (MICS) and other national surveys; United Nations Population Division","Percent","60","2"
"Turkey","Female 15-49 yr","2007-2012","UN_Demographic and Health Surveys (DHS), Multiple Indicator Cluster Surveys (MICS) and other national surveys; United Nations Population Division","Percent","73","1"
"Turkmenistan","Female 15-49 yr","2007-2012","UN_Demographic and Health Surveys (DHS), Multiple Indicator Cluster Surveys (MICS) and other national surveys; United Nations Population Division","Percent","48","2"
"Tuvalu","Female 15-49 yr","2007-2012","UN_Demographic and Health Surveys (DHS), Multiple Indicator Cluster Surveys (MICS) and other national surveys; United Nations Population Division","Percent","31","1"
"Uganda","Female 15-49 yr","2007-2012","UN_Demographic and Health Surveys (DHS), Multiple Indicator Cluster Surveys (MICS) and other national surveys; United Nations Population Division","Percent","30","1"
"Ukraine","Female 15-49 yr","2007-2012","UN_Demographic and Health Surveys (DHS), Multiple Indicator Cluster Surveys (MICS) and other national surveys; United Nations Population Division","Percent","67","1"
"United Kingdom","Female 15-49 yr","2007-2012","UN_Demographic and Health Surveys (DHS), Multiple Indicator Cluster Surveys (MICS) and other national surveys; United Nations Population Division","Percent","84","1"
"United Republic of Tanzania","Female 15-49 yr","2007-2012","UN_Demographic and Health Surveys (DHS), Multiple Indicator Cluster Surveys (MICS) and other national surveys; United Nations Population Division","Percent","34","1"
"United States","Female 15-49 yr","2007-2012","UN_Demographic and Health Surveys (DHS), Multiple Indicator Cluster Surveys (MICS) and other national surveys; United Nations Population Division","Percent","79","1"
"Uruguay","Female 15-49 yr","2007-2012","UN_Demographic and Health Surveys (DHS), Multiple Indicator Cluster Surveys (MICS) and other national surveys; United Nations Population Division","Percent","78","2"
"Uzbekistan","Female 15-49 yr","2007-2012","UN_Demographic and Health Surveys (DHS), Multiple Indicator Cluster Surveys (MICS) and other national surveys; United Nations Population Division","Percent","65","2"
"Vanuatu","Female 15-49 yr","2007-2012","UN_Demographic and Health Surveys (DHS), Multiple Indicator Cluster Surveys (MICS) and other national surveys; United Nations Population Division","Percent","38","1"
"Viet Nam","Female 15-49 yr","2007-2012","UN_Demographic and Health Surveys (DHS), Multiple Indicator Cluster Surveys (MICS) and other national surveys; United Nations Population Division","Percent","78","1"
"Western and Central Africa","Female 15-49 yr","2007-2012","UN_Demographic and Health Surveys (DHS), Multiple Indicator Cluster Surveys (MICS) and other national surveys; United Nations Population Division","Percent","17","3"
"World","Female 15-49 yr","2007-2012","UN_Demographic and Health Surveys (DHS), Multiple Indicator Cluster Surveys (MICS) and other national surveys; United Nations Population Division","Percent","55","4"
"Yemen","Female 15-49 yr","2007-2012","UN_Demographic and Health Surveys (DHS), Multiple Indicator Cluster Surveys (MICS) and other national surveys; United Nations Population Division","Percent","28","2"
"Zambia","Female 15-49 yr","2007-2012","UN_Demographic and Health Surveys (DHS), Multiple Indicator Cluster Surveys (MICS) and other national surveys; United Nations Population Division","Percent","41","1"
"Zimbabwe","Female 15-49 yr","2007-2012","UN_Demographic and Health Surveys (DHS), Multiple Indicator Cluster Surveys (MICS) and other national surveys; United Nations Population Division","Percent","59","1"

"fnSeqID","Footnote"
"1","Data refer to the most recent year available during the period specified in the column heading. "
"2","Data refer to the most recent year available during the period specified in the column heading. Data refer to years or periods other than those specified in the column heading. Such data are not included in the calculation of regional and global averages, with the exception of 2005-2006 data from India. Estimates from data years prior to 2000 are not displayed."
"3","Data refer to the most recent year available during the period specified in the column heading. For a complete list of countries and territories in the regions, subregions and country categories, see page XX."
"4","Data refer to the most recent year available during the period specified in the column heading. For a complete list of countries and territories in the regions, subregions and country categories, see page XX. Excludes China."
"5","Data refer to the most recent year available during the period specified in the column heading. Due to the cession in July 2011 of the Republic of South Sudan by the Republic of the Sudan, and its subsequent admission to the UN on 14 July 2011, disaggregated data for Sudan and South Sudan as separate States are not yet available for all indicators. In these cases, aggregated data are presented for Sudan pre-cession (see Memorandum item)."
